dataset,measurement,k,seed,leaky,coverage,mean_xy_error,median_xy_error,p90_xy_error
tiny_human_kidney_protein_v4,spatial,4,,True,0.9972067039106144,3.616849660873413,2.705214738845825,7.53884220123291
tiny_human_ovary_multimodal_v4,spatial,4,,True,1.0,3.3033316135406494,2.522042751312256,6.873007774353027
tiny_human_ovary_nucexp_v4,spatial,2,,True,0.9984177215189872,3.328127384185791,2.457340240478516,7.831705093383789
tiny_mouse_ileum_multimodal_v3,spatial,2,,True,1.0,7.502827167510986,7.143089294433594,13.947053909301758
tiny_mouse_ileum_nucexp_v3,spatial,3,,True,1.0,8.853904724121094,9.24312686920166,12.448918342590332
