measurement,datasets,wins,rank_mean,median_vs_center_mean,median_vs_center_median,median_xy_error_median
seq_jaccard,5,2,2.6,0.461938448897884,0.7089849868288896,57.32292233560531
expression,5,1,2.6,0.45707792921392026,0.6680024653214569,57.84643257175131
expr_morph,5,1,2.8,0.5297507507328729,0.6934532565370144,102.82401258429718
mix_nonspatial,5,1,2.8,0.5297507507328729,0.6934532565370144,102.82401258429718
morph_heavy,5,1,4.4,0.6399506055264043,0.7068929690905821,199.55360819364813
seq_blast,5,1,4.8,0.5491036270350186,0.8326280596893052,64.82096824191919
seq_local,5,0,6.8,0.7317758086223713,0.8644093930380475,230.1580375101683
morphology,5,0,8.0,0.9142496602130585,1.0016539270819842,251.62721235820663
