measurement,datasets,wins,rank_mean,median_vs_center_mean,median_vs_center_median,median_xy_error_median
expression,5,1,2.6,0.45877208880789794,0.6695478338702826,58.436101482606645
expr_morph,5,1,2.8,0.5293118621421075,0.6939339031198132,102.82401258429718
mix_nonspatial,5,1,2.8,0.5293118621421075,0.6939339031198132,102.82401258429718
seq_jaccard,5,1,2.8,0.46196703302458386,0.7123490693641161,57.19673479578172
morph_heavy,5,1,4.2,0.6291268906370903,0.7022533012386447,199.3816428723606
seq_blast,5,1,5.2,0.5660625647929995,0.8311947114547051,64.57807144722497
seq_local,5,0,6.6,0.7314716774599532,0.8635662035456785,230.1580375101683
morphology,5,0,8.0,0.904600886058643,1.0075975131893642,258.3402574588821
